Cible,Nombres,Iterations_Prog1,Resultat_v1,Iterations_Prog2,Resultat_v2,Division_Iterations
742,"[1, 5, 7, 1, 6, 4]",409912,False,41026,False,9.991517574221225
782,"[1, 3, 10, 7, 8, 25]",10413,True,6292,True,1.6549586776859504
820,"[1, 10, 9, 2, 10, 2]",124483,True,16690,True,7.458538046734572
678,"[3, 1, 6, 7, 10, 1]",437160,False,44926,False,9.730668209945243
936,"[9, 2, 3, 10, 7, 8]",36490,True,20269,True,1.8002861512654793
831,"[2, 8, 75, 8, 8, 5]",988,True,512,True,1.9296875
881,"[10, 50, 50, 75, 3, 8]",256322,False,54423,False,4.709810190544439
789,"[6, 10, 4, 10, 5, 1]",282749,True,43916,True,6.438405137079879
232,"[4, 100, 2, 3, 9, 9]",5265,True,2366,True,2.2252747252747254
763,"[25, 10, 1, 25, 1, 10]",375357,False,11972,False,31.352906782492482
878,"[2, 10, 7, 6, 6, 9]",42741,True,13519,True,3.1615504105333234
752,"[6, 75, 75, 2, 1, 9]",78771,True,20842,True,3.779435754726034
986,"[4, 5, 4, 10, 8, 2]",348298,False,64161,False,5.428500179236608
462,"[25, 5, 10, 8, 8, 2]",101329,True,28738,True,3.525958661006333
545,"[10, 2, 4, 9, 8, 9]",74658,True,21649,True,3.448565753614486
517,"[4, 100, 1, 4, 3, 25]",21678,True,9778,True,2.2170177950501126
442,"[9, 1, 3, 7, 75, 8]",18239,True,8168,True,2.2329823702252694
919,"[1, 4, 7, 10, 1, 5]",389276,False,40705,False,9.563346026286696
987,"[7, 10, 100, 100, 8, 4]",17231,True,5975,True,2.883849372384937
776,"[5, 6, 4, 100, 2, 8]",62689,True,33290,True,1.8831180534695104
202,"[100, 8, 1, 7, 7, 5]",1698,True,774,True,2.193798449612403
239,"[50, 9, 75, 8, 8, 9]",247269,False,28527,False,8.66789357450836
332,"[6, 10, 1, 8, 9, 9]",62924,True,14543,True,4.326755139929864
512,"[4, 5, 8, 3, 5, 3]",32145,True,6207,True,5.178830352827453
137,"[9, 8, 2, 4, 10, 3]",4497,True,3243,True,1.3866790009250693
321,"[3, 2, 100, 2, 3, 3]",14692,True,3281,True,4.477903078329778
132,"[2, 1, 6, 7, 6, 1]",46355,True,5592,True,8.289520743919885
669,"[6, 7, 1, 10, 10, 7]",108541,True,16791,True,6.464236793520338
405,"[6, 100, 25, 9, 4, 4]",3569,True,1694,True,2.1068476977567885
655,"[9, 3, 9, 1, 75, 10]",1354,True,959,True,1.4118873826903025
524,"[7, 8, 5, 100, 1, 8]",511,True,426,True,1.199530516431925
201,"[25, 7, 3, 1, 1, 10]",164543,True,25764,True,6.386547120012421
192,"[4, 2, 8, 10, 25, 2]",716,True,605,True,1.1834710743801653
563,"[2, 8, 9, 10, 4, 3]",154058,True,66035,True,2.3329749375331263
207,"[25, 8, 5, 7, 7, 9]",20846,True,7209,True,2.8916631987793036
516,"[75, 8, 75, 50, 7, 6]",5612,True,3787,True,1.481911803538421
269,"[2, 1, 4, 2, 5, 2]",399983,False,17644,False,22.669632736340965
563,"[4, 25, 6, 6, 6, 7]",105615,True,13970,True,7.5601288475304225
959,"[3, 25, 75, 25, 4, 4]",57176,True,12135,True,4.711660486196951
584,"[4, 2, 25, 10, 100, 3]",18987,True,10756,True,1.7652473038304202
774,"[7, 75, 2, 25, 100, 5]",161928,True,72470,True,2.2344142403753278
220,"[1, 75, 5, 75, 5, 5]",36315,True,3482,True,10.429350947731189
951,"[1, 2, 10, 4, 9, 5]",342264,False,83259,False,4.110834864699312
873,"[3, 6, 8, 75, 5, 4]",14113,True,7915,True,1.7830701200252685
938,"[9, 50, 50, 50, 7, 6]",278229,False,23875,False,11.653570680628272
904,"[6, 50, 2, 1, 25, 2]",132865,True,27683,True,4.799515948415995
419,"[7, 8, 10, 7, 8, 10]",111574,True,14417,True,7.739058056461122
295,"[6, 50, 8, 75, 5, 10]",54628,True,29144,True,1.8744166895415866
572,"[8, 4, 25, 7, 6, 9]",16302,True,9403,True,1.7337020099968095
450,"[50, 25, 6, 8, 25, 75]",1569,True,1196,True,1.3118729096989967
164,"[6, 9, 25, 3, 3, 50]",98864,True,26688,True,3.7044364508393284
404,"[75, 50, 4, 5, 7, 8]",9747,True,5848,True,1.6667236662106704
319,"[8, 4, 5, 1, 9, 3]",68704,True,26571,True,2.585676113055587
620,"[100, 1, 6, 4, 5, 6]",1948,True,1008,True,1.9325396825396826
512,"[7, 3, 4, 10, 5, 75]",26214,True,14959,True,1.7523898656327295
526,"[50, 2, 6, 75, 7, 8]",15446,True,8541,True,1.808453342699918
980,"[10, 8, 5, 75, 7, 8]",1362,True,1055,True,1.2909952606635071
466,"[10, 5, 2, 100, 50, 1]",327602,True,94830,True,3.4546240641147317
503,"[8, 2, 50, 6, 7, 1]",67027,True,26871,True,2.4943991663875553
112,"[3, 9, 3, 7, 8, 8]",3936,True,1765,True,2.230028328611898
497,"[7, 2, 6, 6, 1, 5]",49168,True,12116,True,4.058104985143612
185,"[8, 9, 25, 5, 5, 3]",5887,True,2514,True,2.341686555290374
248,"[7, 75, 10, 9, 1, 1]",1543,True,603,True,2.558872305140962
444,"[3, 7, 6, 8, 5, 4]",35434,True,19300,True,1.8359585492227979
750,"[9, 100, 25, 5, 4, 1]",59972,True,24634,True,2.434521393196395
538,"[8, 3, 1, 75, 8, 1]",85556,True,12524,True,6.831363781539444
747,"[8, 6, 5, 10, 8, 1]",106084,True,29263,True,3.625192222260192
282,"[9, 7, 5, 5, 2, 8]",3831,True,2018,True,1.898414271555996
476,"[4, 6, 2, 8, 75, 3]",2007,True,1536,True,1.306640625
176,"[4, 50, 100, 8, 1, 9]",4851,True,2899,True,1.6733356329768885
564,"[4, 9, 4, 8, 2, 50]",23595,True,12830,True,1.8390491036632892
476,"[5, 4, 75, 7, 10, 2]",12018,True,7006,True,1.715386811304596
852,"[10, 4, 5, 9, 8, 1]",338012,False,83473,False,4.049357277203407
513,"[6, 10, 100, 5, 3, 3]",17751,True,5752,True,3.0860570236439497
796,"[2, 2, 1, 2, 3, 7]",470107,False,22230,False,21.147413405308143
743,"[6, 8, 1, 3, 3, 2]",365732,False,46324,False,7.895086780070805
417,"[25, 75, 1, 10, 4, 3]",89509,True,33750,True,2.6521185185185185
664,"[9, 10, 100, 9, 2, 5]",293185,False,60734,False,4.827361938946883
862,"[6, 1, 6, 100, 1, 4]",397992,False,23646,False,16.83126110124334
740,"[10, 3, 9, 9, 8, 75]",1050,True,588,True,1.7857142857142858
132,"[9, 9, 10, 50, 9, 10]",93,True,93,True,1.0
215,"[4, 4, 5, 5, 8, 2]",3196,True,1446,True,2.2102351313969573
297,"[7, 7, 4, 9, 9, 1]",180157,True,18446,True,9.766724493115039
189,"[6, 1, 4, 7, 7, 10]",166,True,127,True,1.3070866141732282
351,"[6, 1, 2, 9, 4, 7]",59195,True,23536,True,2.515083276682529
821,"[25, 5, 3, 8, 100, 7]",18308,True,10642,True,1.7203533170456682
782,"[5, 3, 7, 3, 4, 4]",279015,False,29637,False,9.414414414414415
691,"[1, 25, 4, 7, 1, 9]",5896,True,3441,True,1.7134553908747456
947,"[4, 9, 10, 5, 7, 3]",101376,True,47791,True,2.1212362160239375
862,"[6, 9, 1, 4, 50, 4]",330086,False,47720,False,6.917141659681476
284,"[5, 50, 1, 2, 2, 50]",237738,True,28533,True,8.33203658921249
768,"[9, 75, 6, 10, 10, 7]",18494,True,6398,True,2.8905908096280086
668,"[7, 1, 100, 10, 7, 50]",17319,True,7617,True,2.273729814887751
169,"[10, 6, 5, 50, 7, 10]",13580,True,7466,True,1.8189124028931154
360,"[8, 2, 1, 10, 3, 6]",38720,True,15679,True,2.4695452516104344
770,"[10, 8, 9, 9, 4, 5]",34770,True,10744,True,3.236224869694713
114,"[6, 50, 6, 50, 5, 3]",5313,True,3099,True,1.7144240077444337
987,"[75, 100, 1, 9, 25, 9]",310896,False,45485,False,6.835132461250962
110,"[3, 1, 6, 4, 3, 8]",727,True,639,True,1.137715179968701
764,"[10, 3, 10, 75, 2, 50]",36304,True,19815,True,1.832147363108756
230,"[8, 3, 7, 4, 5, 7]",241,True,215,True,1.1209302325581396
583,"[9, 25, 75, 100, 5, 100]",75984,True,22743,True,3.3409840390449808
500,"[1, 3, 6, 9, 50, 75]",148,True,148,True,1.0
753,"[3, 9, 3, 2, 5, 4]",2324,True,1829,True,1.2706396938217606
936,"[10, 4, 2, 4, 6, 100]",62680,True,19022,True,3.2951319524760803
177,"[50, 10, 6, 1, 1, 5]",376657,False,39156,False,9.619394217999796
466,"[25, 50, 10, 75, 3, 6]",8926,True,5548,True,1.6088680605623649
502,"[75, 5, 5, 5, 9, 6]",271305,False,22984,False,11.80408109989558
233,"[7, 2, 10, 50, 2, 8]",817,True,688,True,1.1875
644,"[5, 6, 9, 2, 3, 9]",61041,True,18888,True,3.2317344345616266
873,"[8, 1, 8, 2, 3, 5]",369678,False,50065,False,7.383960850893838
355,"[6, 3, 2, 5, 50, 6]",52895,True,25740,True,2.054972804972805
961,"[4, 2, 25, 3, 25, 25]",294148,False,25072,False,11.732131461391193
180,"[4, 75, 6, 10, 10, 7]",14402,True,4753,True,3.030086261308647
893,"[4, 2, 5, 2, 8, 8]",318902,False,30741,False,10.373832991769948
117,"[9, 100, 5, 1, 1, 7]",19367,True,3696,True,5.239989177489178
936,"[5, 10, 9, 8, 3, 8]",136736,True,35944,True,3.8041397729801916
997,"[10, 5, 2, 7, 2, 6]",300247,False,58746,False,5.1109352126102205
891,"[100, 4, 75, 5, 50, 25]",283237,False,109571,False,2.5849631745626125
683,"[10, 8, 3, 9, 10, 10]",8645,True,3533,True,2.4469289555618454
629,"[6, 2, 6, 25, 50, 3]",14642,True,8008,True,1.8284215784215785
940,"[2, 10, 1, 8, 6, 6]",39118,True,9475,True,4.128548812664907
512,"[5, 10, 6, 1, 9, 1]",193684,True,29659,True,6.530361778886679
805,"[1, 1, 7, 50, 6, 3]",411395,False,43277,False,9.506088684520646
298,"[8, 2, 8, 1, 10, 2]",85206,True,17114,True,4.978730863620428
513,"[6, 6, 6, 9, 25, 3]",658,True,574,True,1.146341463414634
276,"[2, 10, 2, 7, 4, 1]",3947,True,2449,True,1.6116782360147
696,"[2, 8, 10, 50, 2, 3]",10360,True,6600,True,1.5696969696969696
579,"[10, 4, 8, 8, 6, 2]",287549,False,57802,False,4.9747240579910725
745,"[4, 5, 3, 4, 2, 2]",345689,False,31603,False,10.938486852514002
937,"[50, 10, 9, 2, 5, 9]",274862,False,56263,False,4.885306506940618
391,"[1, 2, 25, 9, 1, 75]",331664,True,36878,True,8.99354628775964
450,"[9, 100, 3, 5, 6, 5]",31753,True,10240,True,3.10087890625
717,"[6, 8, 8, 7, 10, 3]",225390,True,48932,True,4.606188179514429
572,"[4, 100, 3, 75, 10, 2]",33877,True,18746,True,1.8071588605569189
764,"[9, 4, 3, 2, 6, 6]",354329,False,65204,False,5.434160480952089
488,"[1, 6, 8, 4, 8, 9]",32810,True,11041,True,2.9716511185581016
186,"[75, 1, 75, 2, 7, 9]",23587,True,9746,True,2.4201723784116562
963,"[50, 5, 25, 6, 9, 4]",100996,True,48487,True,2.082950069090684
188,"[4, 1, 10, 10, 25, 3]",18096,True,4313,True,4.195687456526779
672,"[6, 8, 5, 10, 1, 5]",36768,True,8845,True,4.156924816280385
627,"[25, 1, 3, 50, 6, 7]",89,True,89,True,1.0
881,"[1, 75, 1, 3, 50, 100]",375438,False,39501,False,9.504518872939926
495,"[7, 4, 5, 2, 8, 8]",8706,True,3468,True,2.51038062283737
421,"[2, 9, 75, 2, 2, 9]",314057,False,14994,False,20.945511537948512
252,"[100, 3, 3, 8, 3, 8]",26372,True,2470,True,10.676923076923076
512,"[50, 4, 6, 5, 7, 6]",19427,True,7411,True,2.621373633787613
494,"[3, 9, 9, 1, 6, 1]",28039,True,3469,True,8.082732776016144
486,"[3, 4, 2, 2, 2, 50]",451344,False,32564,False,13.86021373295664
361,"[10, 6, 4, 3, 5, 75]",3500,True,2631,True,1.330292664386165
472,"[8, 9, 10, 10, 4, 6]",5277,True,2809,True,1.8786044855820576
927,"[75, 7, 100, 10, 4, 9]",718,True,572,True,1.2552447552447552
415,"[9, 3, 10, 6, 4, 6]",58537,True,18602,True,3.1468121707343295
858,"[25, 5, 10, 4, 10, 75]",284447,False,61331,False,4.637899267906931
160,"[3, 25, 6, 1, 25, 7]",156,True,143,True,1.0909090909090908
712,"[2, 9, 7, 10, 5, 10]",1461,True,830,True,1.7602409638554217
971,"[5, 7, 10, 6, 6, 5]",276883,False,30944,False,8.947873578076525
242,"[6, 6, 5, 10, 75, 50]",271280,False,57665,False,4.704413422353247
199,"[50, 9, 10, 8, 8, 6]",14896,True,4945,True,3.012335692618807
102,"[5, 50, 6, 10, 3, 2]",1404,True,1153,True,1.217692974848222
838,"[4, 6, 4, 25, 5, 10]",16127,True,9185,True,1.7557974959172564
181,"[75, 4, 9, 25, 50, 8]",12112,True,7079,True,1.7109761265715497
140,"[9, 7, 25, 10, 50, 2]",4171,True,3039,True,1.372490950970714
243,"[4, 3, 8, 9, 8, 2]",71899,True,20685,True,3.475900410925792
251,"[5, 3, 9, 5, 4, 10]",55705,True,24966,True,2.231234478891292
649,"[6, 10, 9, 9, 5, 6]",273838,False,30948,False,8.84832622463487
960,"[5, 75, 9, 1, 7, 1]",59804,True,11717,True,5.104036869505846
103,"[6, 6, 3, 6, 6, 50]",17656,True,2912,True,6.063186813186813
116,"[3, 3, 4, 25, 5, 1]",64,True,64,True,1.0
582,"[6, 7, 4, 3, 25, 5]",1998,True,1598,True,1.2503128911138923
110,"[9, 8, 50, 1, 5, 6]",4319,True,2547,True,1.6957204554377698
199,"[6, 3, 25, 2, 8, 100]",641,True,553,True,1.1591320072332731
212,"[3, 5, 10, 2, 2, 2]",198445,True,21585,True,9.193652999768357
106,"[100, 6, 6, 7, 2, 3]",16388,True,5196,True,3.153964588144727
655,"[9, 9, 1, 3, 8, 5]",118049,True,22198,True,5.318001621767727
615,"[75, 4, 8, 1, 3, 6]",69849,True,28528,True,2.4484366236679755
603,"[75, 6, 8, 4, 3, 5]",18787,True,10708,True,1.7544826298094882
239,"[5, 10, 7, 9, 8, 5]",14166,True,7749,True,1.8281068524970965
505,"[25, 75, 1, 100, 1, 10]",385863,False,43076,False,8.957725879840282
621,"[3, 4, 8, 10, 5, 1]",41859,True,17676,True,2.3681262729124235
571,"[8, 2, 1, 50, 5, 8]",3199,True,1982,True,1.614026236125126
779,"[7, 10, 3, 5, 9, 1]",266946,True,75774,True,3.5229234302003327
538,"[6, 6, 100, 8, 6, 3]",19727,True,6790,True,2.905301914580265
258,"[3, 2, 2, 1, 1, 2]",606261,False,9490,False,63.88419388830348
340,"[5, 1, 2, 3, 1, 9]",468727,False,42634,False,10.99420650185298
625,"[6, 6, 8, 10, 1, 10]",326313,False,26182,False,12.463257199602781
647,"[25, 10, 4, 5, 25, 8]",65988,True,29025,True,2.2734883720930235
471,"[8, 3, 3, 25, 7, 10]",15652,True,5727,True,2.7330190326523485
297,"[10, 50, 4, 9, 7, 3]",9153,True,5607,True,1.6324237560192616
960,"[8, 1, 3, 7, 8, 100]",2362,True,1865,True,1.2664879356568364
436,"[9, 7, 5, 50, 5, 5]",96570,True,12154,True,7.945532335033734
944,"[10, 100, 8, 100, 1, 2]",165020,True,41277,True,3.9978680621169174
838,"[75, 8, 5, 8, 2, 75]",15321,True,5370,True,2.853072625698324
929,"[6, 1, 5, 10, 7, 7]",318386,False,45038,False,7.069274834584129
370,"[4, 10, 3, 1, 2, 7]",101226,True,36342,True,2.785372296516427
813,"[50, 5, 4, 4, 6, 3]",59200,True,17728,True,3.339350180505415
833,"[4, 10, 7, 50, 9, 1]",180544,True,60867,True,2.966205004353755
342,"[3, 1, 10, 2, 7, 3]",47957,True,18617,True,2.575978943975936
654,"[50, 1, 4, 5, 10, 9]",63314,True,26064,True,2.4291743400859422
778,"[4, 3, 3, 10, 8, 7]",48758,True,15334,True,3.179731316029738
387,"[25, 2, 25, 5, 6, 8]",2335,True,1842,True,1.267643865363735
144,"[25, 7, 5, 3, 1, 2]",20802,True,9478,True,2.1947668284448194
297,"[1, 3, 8, 1, 8, 6]",23326,True,6512,True,3.582002457002457
424,"[6, 50, 4, 3, 100, 3]",50101,True,15143,True,3.3085253912698938
199,"[25, 7, 7, 10, 2, 9]",2517,True,1820,True,1.382967032967033
330,"[3, 9, 10, 4, 7, 4]",2226,True,1128,True,1.9734042553191489
328,"[3, 10, 7, 10, 5, 8]",60300,True,20252,True,2.9774837053130554
200,"[10, 25, 25, 9, 10, 9]",514,True,355,True,1.447887323943662
800,"[9, 8, 1, 5, 5, 4]",102164,True,21821,True,4.6819119197103705
648,"[1, 6, 1, 5, 3, 8]",134142,True,25162,True,5.3311342500596135
762,"[1, 6, 5, 2, 5, 10]",398925,False,52803,False,7.554968467700699
442,"[7, 6, 8, 5, 50, 3]",1699,True,1343,True,1.265078183172003
486,"[3, 5, 1, 8, 5, 75]",87489,True,22058,True,3.966316075800163
717,"[10, 2, 9, 10, 1, 10]",337444,False,19050,False,17.713595800524935
494,"[5, 2, 2, 6, 2, 6]",419222,False,17800,False,23.551797752808987
237,"[4, 6, 10, 3, 1, 4]",7605,True,4214,True,1.8046986236355007
812,"[1, 25, 8, 100, 75, 3]",27833,True,15498,True,1.7959091495676862
363,"[4, 7, 4, 9, 4, 3]",12729,True,4169,True,3.0532501798992566
641,"[50, 6, 8, 6, 7, 1]",76604,True,20374,True,3.7598900559536665
636,"[6, 1, 9, 10, 9, 3]",26224,True,6953,True,3.7716093772472314
847,"[10, 9, 7, 50, 7, 8]",3995,True,2082,True,1.9188280499519692
165,"[8, 8, 6, 1, 1, 6]",392881,False,12075,False,32.53672877846791
806,"[3, 1, 4, 5, 2, 1]",450502,False,37545,False,11.998987881209215
401,"[5, 6, 1, 4, 4, 5]",77463,True,13886,True,5.578496327236065
533,"[6, 7, 3, 3, 3, 6]",319766,False,13920,False,22.97169540229885
369,"[10, 50, 3, 75, 75, 6]",66181,True,19950,True,3.31734335839599
752,"[1, 75, 9, 8, 1, 6]",12354,True,6017,True,2.0531826491607115
581,"[1, 3, 8, 7, 2, 4]",235665,True,65794,True,3.581861567924127
927,"[10, 4, 4, 3, 9, 3]",352348,False,38382,False,9.180032306810483
825,"[9, 25, 8, 7, 9, 100]",1299,True,1047,True,1.2406876790830945
284,"[10, 10, 75, 3, 6, 8]",25209,True,13808,True,1.825680764774044
543,"[4, 5, 2, 3, 7, 100]",99701,True,47975,True,2.078186555497655
173,"[1, 2, 50, 7, 9, 5]",16052,True,9082,True,1.7674521030609998
884,"[7, 10, 7, 4, 1, 3]",338658,False,46149,False,7.338360527855425
642,"[75, 2, 1, 7, 9, 2]",71259,True,17706,True,4.024567943070146
720,"[5, 10, 10, 50, 4, 2]",39383,True,12906,True,3.0515264218193088
659,"[1, 50, 4, 3, 10, 100]",594,True,514,True,1.1556420233463034
361,"[3, 6, 4, 1, 5, 7]",176096,True,55451,True,3.1757046762006094
533,"[9, 7, 2, 8, 8, 6]",48591,True,14787,True,3.2860620815581254
353,"[50, 2, 2, 3, 50, 6]",7260,True,2541,True,2.857142857142857
621,"[5, 4, 2, 8, 75, 75]",18010,True,6138,True,2.9341805148256763
112,"[25, 9, 2, 8, 1, 100]",11579,True,5878,True,1.9698877169105138
521,"[5, 3, 2, 1, 100, 3]",67140,True,16385,True,4.097650289899298
703,"[7, 1, 10, 8, 3, 75]",5915,True,3132,True,1.8885696040868454
605,"[7, 7, 5, 4, 4, 1]",150093,True,15712,True,9.552762219959266
190,"[8, 1, 6, 50, 10, 5]",45713,True,19454,True,2.3497995270895444
517,"[5, 50, 5, 2, 8, 2]",27635,True,9643,True,2.865809395416364
949,"[3, 2, 9, 10, 1, 1]",414175,False,40902,False,10.126032956823627
472,"[8, 4, 8, 8, 50, 2]",7145,True,3688,True,1.9373644251626898
640,"[1, 2, 1, 50, 4, 5]",510905,False,50334,False,10.150296022569238
688,"[3, 4, 8, 6, 9, 9]",147217,True,38023,True,3.8717881282381716
305,"[75, 8, 9, 25, 3, 2]",13309,True,7406,True,1.7970564407237375
341,"[6, 5, 10, 50, 4, 3]",14361,True,7955,True,1.8052796983029542
949,"[2, 2, 7, 3, 7, 4]",317907,False,32227,False,9.864616625810656
350,"[4, 1, 50, 8, 50, 50]",89170,True,8839,True,10.088245276615002
412,"[2, 6, 8, 100, 25, 75]",28937,True,16068,True,1.800908638287279
912,"[7, 10, 3, 5, 100, 8]",95987,True,46482,True,2.0650359278860635
397,"[3, 100, 10, 8, 75, 4]",1713,True,1386,True,1.2359307359307359
928,"[10, 2, 25, 10, 2, 4]",19064,True,6251,True,3.049752039673652
227,"[3, 7, 7, 50, 7, 1]",331372,False,18589,False,17.826241325515088
869,"[3, 4, 8, 7, 7, 6]",276018,False,54420,False,5.07199558985667
723,"[2, 50, 9, 5, 2, 8]",161511,True,47109,True,3.4284531618162135
688,"[10, 10, 5, 6, 8, 5]",311067,False,35635,False,8.729254945980076
650,"[5, 2, 75, 3, 2, 1]",436739,False,56527,False,7.726201638155218
828,"[10, 2, 50, 100, 2, 25]",64544,True,22254,True,2.900332524489979
568,"[9, 2, 9, 6, 10, 9]",307752,False,26245,False,11.726119260811583
518,"[4, 4, 4, 9, 2, 3]",341448,False,25983,False,13.14120771273525
974,"[5, 4, 10, 8, 6, 3]",103205,True,49445,True,2.087268682374355
802,"[25, 4, 6, 5, 1, 7]",74031,True,28872,True,2.564110556940981
908,"[2, 3, 100, 3, 5, 2]",12633,True,4309,True,2.931770712462288
792,"[9, 4, 3, 10, 5, 25]",31808,True,17527,True,1.8148000228219319
170,"[1, 1, 5, 7, 4, 10]",608,True,517,True,1.1760154738878144
339,"[75, 5, 3, 3, 3, 1]",448008,False,24020,False,18.651457119067445
279,"[7, 7, 9, 5, 2, 10]",121417,True,29802,True,4.074122542111268
221,"[4, 6, 75, 1, 1, 4]",6715,True,2129,True,3.154062940347581
291,"[75, 2, 9, 8, 4, 2]",20910,True,7198,True,2.9049736037788274
579,"[9, 8, 100, 5, 5, 2]",146919,True,38819,True,3.784718823256653
878,"[5, 2, 6, 3, 5, 1]",376303,False,46587,False,8.077425032734453
558,"[10, 10, 3, 8, 7, 50]",6843,True,4487,True,1.5250724314686874
819,"[75, 10, 100, 50, 5, 6]",6672,True,4549,True,1.4666959771378325
504,"[3, 8, 4, 5, 5, 9]",28833,True,8885,True,3.2451322453573437
838,"[9, 10, 6, 2, 75, 10]",49294,True,16096,True,3.0625
262,"[4, 5, 10, 6, 50, 100]",3939,True,2815,True,1.3992895204262878
322,"[1, 4, 1, 10, 25, 25]",377264,False,21711,False,17.376629358389756
199,"[6, 1, 7, 10, 2, 75]",15573,True,6618,True,2.35312783318223
868,"[2, 3, 6, 4, 8, 10]",36834,True,19793,True,1.8609609457889154
201,"[6, 7, 7, 8, 4, 3]",1294,True,997,True,1.2978936810431294
574,"[6, 5, 9, 3, 5, 4]",282576,False,54133,False,5.220032143055068
354,"[4, 9, 50, 100, 1, 6]",19582,True,8886,True,2.203691199639883
886,"[6, 5, 75, 7, 6, 6]",269684,False,22579,False,11.944018778511007
279,"[5, 100, 6, 4, 9, 10]",469,True,445,True,1.053932584269663
973,"[3, 25, 2, 5, 9, 1]",115329,True,42544,True,2.7108170364798796
405,"[2, 1, 10, 2, 1, 8]",434760,False,22960,False,18.93554006968641
313,"[6, 1, 8, 5, 2, 9]",62553,True,25802,True,2.424346949848849
676,"[75, 9, 9, 10, 7, 8]",46603,True,15117,True,3.0828206654759542
936,"[6, 9, 5, 3, 25, 100]",5618,True,3883,True,1.446819469482359
430,"[6, 7, 1, 4, 5, 7]",188034,True,36380,True,5.168609125893348
550,"[9, 8, 50, 75, 1, 1]",4236,True,1475,True,2.871864406779661
980,"[9, 8, 1, 3, 9, 2]",368043,False,49516,False,7.432809596897973
985,"[6, 4, 25, 9, 2, 4]",282759,False,57864,False,4.8866134384072994
237,"[9, 1, 4, 10, 75, 3]",346,True,321,True,1.0778816199376946
772,"[1, 9, 7, 9, 3, 8]",319802,False,43729,False,7.313270369777493
923,"[9, 4, 25, 100, 7, 4]",46242,True,14128,True,3.273074745186863
447,"[6, 9, 10, 1, 5, 6]",13213,True,5827,True,2.267547623133688
462,"[5, 7, 8, 2, 3, 4]",81658,True,38590,True,2.116040424980565
222,"[10, 1, 7, 9, 1, 3]",101735,True,22625,True,4.496574585635359
747,"[7, 1, 7, 2, 25, 7]",344512,False,20372,False,16.911054388376204
708,"[2, 25, 75, 5, 9, 5]",1522,True,821,True,1.853836784409257
684,"[2, 6, 10, 6, 50, 2]",21599,True,8081,True,2.6728127706966958
305,"[4, 75, 50, 2, 9, 7]",7679,True,4991,True,1.5385694249649369
824,"[3, 1, 3, 7, 5, 9]",338725,False,44582,False,7.597797317302947
844,"[50, 5, 3, 5, 75, 6]",113719,True,38500,True,2.9537402597402598
867,"[10, 8, 8, 3, 6, 10]",148836,True,24865,True,5.985763120852604
785,"[10, 9, 7, 5, 5, 6]",167748,True,44553,True,3.765133661032927
984,"[1, 5, 4, 10, 3, 9]",375269,False,89924,False,4.173179573862373
313,"[4, 5, 25, 7, 50, 6]",3481,True,2557,True,1.3613609698865858
478,"[7, 100, 5, 5, 2, 9]",3952,True,1887,True,2.0943296237413884
591,"[9, 3, 8, 9, 10, 1]",14719,True,7173,True,2.0520005576467306
695,"[7, 7, 10, 8, 10, 1]",6792,True,2889,True,2.3509865005192108
429,"[8, 3, 6, 3, 8, 50]",14783,True,4913,True,3.008955831467535
384,"[9, 50, 75, 1, 3, 7]",12384,True,5634,True,2.198083067092652
796,"[4, 8, 7, 6, 9, 10]",2606,True,2014,True,1.2939424031777558
290,"[3, 2, 2, 5, 6, 10]",76952,True,24973,True,3.0814079205541987
510,"[9, 6, 10, 2, 25, 6]",67777,True,23368,True,2.9004193769257105
353,"[6, 10, 5, 1, 8, 6]",23594,True,10414,True,2.2656039946226234
389,"[75, 1, 7, 2, 3, 3]",68950,True,16380,True,4.2094017094017095
253,"[4, 2, 9, 1, 75, 2]",62590,True,15237,True,4.107763995537179
847,"[10, 6, 7, 75, 1, 9]",70223,True,27130,True,2.588389237007003
447,"[8, 9, 9, 10, 4, 100]",1258,True,960,True,1.3104166666666666
265,"[9, 100, 1, 4, 5, 10]",22743,True,10620,True,2.1415254237288135
664,"[7, 9, 10, 3, 1, 10]",313052,False,43771,False,7.15204130588746
535,"[6, 25, 9, 9, 4, 7]",15044,True,5070,True,2.967258382642998
591,"[2, 4, 7, 6, 4, 6]",124146,True,22753,True,5.456247527798532
381,"[9, 10, 2, 50, 50, 7]",359,True,253,True,1.4189723320158103
837,"[2, 25, 1, 100, 10, 1]",395821,False,42639,False,9.283074180914186
193,"[3, 6, 10, 2, 3, 10]",5174,True,2745,True,1.8848816029143898
737,"[8, 2, 9, 3, 7, 8]",110553,True,37529,True,2.945801913187135
242,"[8, 2, 25, 7, 7, 2]",458,True,338,True,1.3550295857988166
596,"[3, 50, 9, 2, 10, 75]",48600,True,26076,True,1.863782788771284
564,"[3, 5, 10, 8, 2, 4]",37260,True,20215,True,1.843185753153599
996,"[10, 8, 4, 2, 4, 9]",114633,True,31557,True,3.6325696358969486
182,"[4, 5, 3, 4, 9, 9]",3349,True,1573,True,2.129052765416402
362,"[4, 50, 3, 7, 25, 4]",4807,True,3417,True,1.4067895815042435
803,"[9, 8, 8, 8, 9, 50]",252191,False,11802,False,21.368496864938145
917,"[10, 2, 50, 1, 1, 8]",211435,True,34348,True,6.155671363689298
102,"[25, 6, 2, 4, 5, 10]",17919,True,10329,True,1.7348242811501597
946,"[7, 50, 2, 75, 6, 4]",28135,True,15462,True,1.8196222998318459
416,"[10, 7, 8, 9, 10, 6]",12719,True,7048,True,1.8046254256526675
635,"[6, 3, 25, 5, 8, 5]",156178,True,41667,True,3.7482420140638877
647,"[75, 9, 1, 9, 6, 100]",60156,True,15345,True,3.920234604105572
988,"[2, 1, 1, 3, 25, 6]",433150,False,42167,False,10.272250812246543
987,"[8, 3, 4, 4, 2, 100]",320262,False,61826,False,5.1800536990909976
276,"[2, 4, 9, 2, 4, 25]",32457,True,9623,True,3.3728566974955836
695,"[5, 7, 50, 6, 2, 5]",1967,True,1557,True,1.2633269107257548
790,"[2, 3, 6, 9, 7, 3]",322266,False,58934,False,5.468252621576679
484,"[4, 10, 7, 4, 1, 2]",23079,True,10043,True,2.2980185203624415
367,"[9, 4, 4, 6, 4, 7]",245578,True,20790,True,11.812313612313613
155,"[5, 7, 4, 2, 4, 75]",3381,True,1646,True,2.054070473876063
718,"[7, 9, 1, 10, 5, 50]",24350,True,11314,True,2.1522008131518473
626,"[1, 3, 10, 1, 2, 8]",436127,False,43719,False,9.975685628674032
831,"[6, 2, 6, 6, 1, 8]",368045,False,21489,False,17.12713481316022
705,"[50, 50, 9, 7, 7, 8]",244320,False,27790,False,8.791651673263765
807,"[5, 10, 7, 7, 100, 3]",104669,True,31045,True,3.371525205347077
696,"[4, 9, 2, 7, 8, 25]",5981,True,4163,True,1.4367042997838098
665,"[9, 50, 25, 6, 6, 2]",23371,True,8346,True,2.80026359932902
167,"[2, 10, 10, 100, 5, 5]",15912,True,3238,True,4.914144533662755
238,"[3, 25, 9, 10, 2, 3]",1185,True,969,True,1.2229102167182662
940,"[8, 9, 3, 3, 3, 4]",300725,True,23924,True,12.570013375689683
207,"[9, 10, 8, 7, 5, 3]",4986,True,3489,True,1.4290627687016337
392,"[5, 1, 10, 100, 7, 50]",7083,True,3566,True,1.9862591138530568
176,"[5, 1, 4, 5, 25, 8]",8867,True,4379,True,2.024891527746061
492,"[10, 7, 25, 2, 5, 4]",7256,True,4753,True,1.5266147696191879
520,"[5, 5, 75, 5, 6, 10]",2274,True,1708,True,1.3313817330210773
756,"[9, 10, 75, 7, 50, 75]",294004,False,59820,False,4.914811099966566
337,"[2, 3, 7, 9, 7, 6]",2029,True,963,True,2.1069574247144343
133,"[3, 3, 75, 1, 3, 6]",22335,True,5906,True,3.781747375550288
109,"[1, 10, 5, 1, 8, 9]",804,True,567,True,1.417989417989418
338,"[1, 6, 3, 9, 9, 9]",356368,False,20140,False,17.694538232373386
796,"[2, 1, 6, 4, 2, 3]",471421,False,47894,False,9.843007474840272
555,"[7, 5, 3, 10, 50, 2]",29433,True,16490,True,1.7848999393571863
361,"[4, 75, 8, 6, 6, 1]",13071,True,3527,True,3.7059824213212362
846,"[8, 4, 2, 9, 6, 10]",142651,True,63589,True,2.2433282485964554
266,"[2, 6, 7, 10, 8, 4]",13245,True,7512,True,1.7631789137380192
931,"[7, 3, 5, 10, 75, 3]",37101,True,12894,True,2.87738483015356
984,"[9, 2, 75, 4, 1, 100]",19320,True,8640,True,2.236111111111111
713,"[50, 7, 2, 7, 9, 4]",58995,True,20527,True,2.874019583962586
861,"[2, 10, 50, 8, 4, 25]",192161,True,80827,True,2.377435757853193
693,"[5, 4, 7, 50, 9, 100]",6712,True,4439,True,1.5120522640234286
930,"[1, 100, 7, 50, 8, 7]",311361,False,45207,False,6.887451058464397
851,"[1, 10, 50, 6, 8, 5]",21725,True,12928,True,1.6804610148514851
677,"[1, 8, 5, 9, 5, 75]",890,True,439,True,2.0273348519362187
917,"[1, 1, 9, 5, 75, 3]",389268,False,41216,False,9.444584627329192
341,"[75, 75, 2, 5, 8, 4]",12913,True,7528,True,1.7153294367693943
159,"[1, 10, 2, 8, 25, 7]",1596,True,1293,True,1.234338747099768
250,"[100, 4, 1, 3, 3, 7]",29007,True,7530,True,3.852191235059761
965,"[7, 6, 9, 4, 100, 2]",6109,True,4489,True,1.3608821563822677
862,"[50, 75, 2, 8, 1, 2]",393972,False,55475,False,7.101793600721045
616,"[6, 1, 100, 6, 6, 1]",393650,False,8941,False,44.02751370092831
647,"[7, 1, 1, 8, 7, 1]",461531,False,7558,False,61.065228896533476
329,"[8, 4, 75, 100, 10, 10]",16280,True,5638,True,2.8875487761617595
966,"[6, 9, 1, 10, 5, 100]",18743,True,7951,True,2.357313545465979
842,"[4, 10, 5, 6, 2, 8]",234284,True,91103,True,2.5716386946642813
986,"[2, 9, 2, 4, 75, 9]",17553,True,6093,True,2.880846873461349
229,"[3, 75, 9, 7, 1, 1]",31308,True,6804,True,4.601410934744268
545,"[4, 2, 25, 2, 1, 9]",10800,True,3126,True,3.45489443378119
409,"[7, 7, 3, 3, 5, 25]",128079,True,20802,True,6.157052206518604
984,"[1, 75, 7, 2, 6, 7]",32306,True,10868,True,2.97258005152742
656,"[7, 4, 10, 7, 6, 8]",295383,False,60551,False,4.878251391389077
936,"[10, 5, 75, 50, 2, 8]",52349,True,27542,True,1.9006971171302012
249,"[25, 4, 7, 6, 8, 4]",17115,True,6363,True,2.68976897689769
965,"[9, 4, 75, 25, 4, 9]",15137,True,5579,True,2.713210252733465
325,"[6, 2, 100, 4, 3, 10]",21904,True,12708,True,1.723638652817123
150,"[4, 9, 5, 6, 2, 3]",11559,True,6914,True,1.6718252820364479
442,"[9, 7, 3, 1, 2, 2]",196384,True,34476,True,5.6962524654832345
453,"[25, 75, 50, 4, 7, 100]",4083,True,2959,True,1.379858060155458
119,"[50, 9, 4, 5, 25, 6]",6185,True,4157,True,1.4878518162136156
479,"[6, 6, 25, 100, 50, 3]",112761,True,27903,True,4.0411783679174285
595,"[1, 10, 10, 1, 7, 8]",403452,False,22701,False,17.772432932469936
348,"[9, 9, 4, 75, 4, 10]",112504,True,17748,True,6.338967771016453
688,"[8, 4, 4, 5, 10, 2]",43969,True,13059,True,3.366949996171223
588,"[10, 9, 8, 3, 1, 8]",24499,True,6976,True,3.5118979357798166
969,"[8, 6, 10, 3, 7, 5]",67176,True,33827,True,1.9858692760221126
375,"[6, 10, 8, 10, 8, 2]",293759,False,34901,False,8.416922151227759
121,"[75, 5, 100, 8, 5, 4]",12416,True,4334,True,2.8647900323027224
106,"[9, 3, 5, 50, 8, 6]",3568,True,2649,True,1.3469233673084182
244,"[3, 2, 8, 25, 1, 3]",10680,True,5644,True,1.8922749822820695
987,"[2, 50, 1, 4, 6, 8]",337499,False,87411,False,3.861058676825571
413,"[10, 5, 1, 8, 8, 1]",167362,True,16742,True,9.996535658822124
398,"[1, 25, 50, 10, 7, 8]",780,True,610,True,1.278688524590164
878,"[8, 4, 4, 2, 1, 75]",380814,False,49206,False,7.739178149006219
143,"[9, 4, 5, 4, 1, 6]",110831,True,27959,True,3.9640545083872816
148,"[50, 100, 25, 7, 100, 4]",29032,True,9067,True,3.20194110510643
800,"[10, 5, 100, 5, 100, 1]",44800,True,6255,True,7.162270183852917
169,"[25, 4, 4, 8, 9, 3]",15430,True,5355,True,2.881419234360411
537,"[3, 25, 100, 75, 100, 5]",36280,True,12492,True,2.904258725584374
682,"[10, 3, 1, 4, 100, 75]",9051,True,4456,True,2.0311938958707363
515,"[1, 3, 3, 7, 5, 1]",436740,False,22577,False,19.344465606590777
433,"[25, 50, 25, 9, 75, 9]",263207,False,31312,False,8.405946601941748
345,"[75, 100, 75, 3, 6, 8]",11928,True,7320,True,1.6295081967213114
630,"[2, 5, 7, 7, 10, 9]",95,True,89,True,1.0674157303370786
130,"[3, 6, 10, 9, 100, 8]",889,True,700,True,1.27
462,"[7, 50, 1, 3, 25, 100]",34778,True,14943,True,2.327377367329184
930,"[1, 4, 25, 9, 7, 3]",10628,True,6440,True,1.6503105590062113
775,"[7, 8, 7, 10, 2, 9]",229405,True,49123,True,4.670012010667101
860,"[5, 3, 8, 10, 25, 75]",9625,True,5942,True,1.6198249747559743
104,"[6, 4, 10, 3, 3, 8]",438,True,330,True,1.3272727272727274
940,"[2, 8, 3, 100, 25, 75]",42599,True,23490,True,1.813495104299702
102,"[7, 4, 5, 1, 100, 4]",1101,True,718,True,1.533426183844011
740,"[6, 9, 3, 2, 4, 7]",173412,True,70970,True,2.443454980977878
845,"[10, 3, 3, 7, 2, 9]",75507,True,25714,True,2.936415960177335
579,"[8, 7, 5, 9, 1, 1]",119366,True,19341,True,6.17165606742154
997,"[25, 1, 2, 4, 4, 1]",419443,False,22694,False,18.48255045386446
174,"[10, 4, 6, 9, 10, 4]",1377,True,1111,True,1.2394239423942395
269,"[25, 8, 8, 2, 75, 75]",52035,True,10274,True,5.064726494062683
593,"[75, 100, 75, 7, 9, 6]",3656,True,2573,True,1.420909444228527
661,"[7, 8, 5, 9, 75, 6]",63,True,63,True,1.0
598,"[100, 2, 7, 50, 10, 6]",10904,True,6893,True,1.5818946757580155
977,"[2, 25, 3, 5, 1, 2]",373375,False,50527,False,7.389613473984206
848,"[6, 2, 5, 9, 1, 8]",107861,True,39578,True,2.7252766688564356
942,"[5, 5, 50, 10, 8, 5]",314415,False,26802,False,11.731027535258562
600,"[9, 2, 6, 8, 6, 10]",59104,True,18934,True,3.1215802260483785
467,"[6, 10, 100, 6, 4, 7]",109939,True,35865,True,3.065356196849296
493,"[3, 5, 9, 9, 25, 7]",27856,True,8743,True,3.186091730527279
450,"[25, 9, 7, 8, 9, 10]",13187,True,4235,True,3.113813459268005
867,"[10, 2, 1, 2, 4, 10]",367613,False,26808,False,13.712809609071918
279,"[7, 7, 3, 10, 3, 7]",123199,True,9476,True,13.001160827353313
783,"[6, 10, 10, 6, 3, 10]",221828,True,13289,True,16.69260290465799
812,"[9, 5, 6, 1, 1, 8]",372242,False,38148,False,9.757837894516095
112,"[10, 7, 4, 7, 8, 7]",14530,True,2084,True,6.972168905950096
172,"[6, 6, 9, 75, 100, 6]",76,True,76,True,1.0
284,"[8, 10, 75, 6, 25, 2]",792,True,628,True,1.2611464968152866
618,"[50, 6, 7, 9, 4, 1]",100421,True,38383,True,2.6162884610374384
145,"[8, 9, 8, 10, 4, 9]",842,True,666,True,1.2642642642642643
902,"[2, 75, 4, 7, 3, 8]",3926,True,2786,True,1.4091888011486002
723,"[75, 2, 2, 50, 6, 25]",19717,True,6352,True,3.1040617128463475
659,"[10, 3, 9, 6, 4, 3]",286820,False,56058,False,5.116486496129009
346,"[7, 3, 4, 8, 6, 9]",15114,True,8422,True,1.794585609118974
670,"[50, 3, 1, 7, 4, 25]",4594,True,2899,True,1.584684373922042
745,"[50, 3, 1, 8, 100, 9]",1085,True,732,True,1.4822404371584699
317,"[3, 50, 75, 4, 6, 9]",1412,True,1139,True,1.2396839332748024
725,"[10, 75, 3, 2, 5, 10]",11828,True,7586,True,1.5591879778539415
998,"[10, 3, 6, 3, 100, 75]",78974,True,28348,True,2.7858755467757867
209,"[5, 25, 4, 2, 75, 4]",6170,True,3230,True,1.910216718266254
795,"[100, 8, 4, 10, 100, 9]",94557,True,35203,True,2.6860494844189415
199,"[1, 7, 4, 8, 100, 7]",726,True,584,True,1.2431506849315068
408,"[1, 10, 7, 7, 4, 50]",1026,True,575,True,1.7843478260869565
285,"[6, 6, 100, 9, 2, 4]",6089,True,4209,True,1.4466619149441673
251,"[1, 1, 3, 25, 10, 100]",87,True,87,True,1.0
516,"[5, 8, 25, 6, 4, 50]",53651,True,28474,True,1.8842101566341223
719,"[10, 2, 100, 2, 100, 1]",363851,False,29869,False,12.181559476380194
915,"[3, 7, 9, 25, 7, 100]",294,True,269,True,1.0929368029739777
774,"[10, 10, 10, 9, 4, 8]",183360,True,17465,True,10.49871170913255
223,"[50, 4, 5, 8, 7, 75]",3544,True,2492,True,1.4221508828250402
521,"[9, 8, 1, 10, 8, 25]",105153,True,27930,True,3.764876476906552
808,"[5, 3, 10, 100, 3, 6]",18742,True,6506,True,2.88072548416846
288,"[10, 8, 7, 25, 1, 2]",74929,True,28337,True,2.6442107491971627
665,"[8, 9, 8, 10, 50, 6]",49130,True,22859,True,2.1492628723916183
663,"[5, 25, 8, 1, 6, 100]",70148,True,27266,True,2.5727279395584244
991,"[6, 4, 9, 7, 3, 1]",330218,False,82482,False,4.00351591862467
487,"[6, 10, 4, 3, 50, 7]",2973,True,2192,True,1.3562956204379562
899,"[2, 8, 5, 10, 10, 10]",296463,False,24868,False,11.921465336979251
537,"[9, 3, 4, 3, 1, 10]",65724,True,14982,True,4.3868642370845015
174,"[4, 1, 6, 5, 7, 8]",17906,True,7960,True,2.249497487437186
977,"[100, 6, 50, 4, 5, 1]",282388,True,82519,True,3.422096729238115
461,"[2, 9, 5, 1, 2, 25]",3549,True,2189,True,1.6212882594792142
760,"[3, 1, 1, 2, 9, 5]",468893,False,42946,False,10.918199599497044
324,"[1, 25, 3, 3, 100, 25]",1146,True,627,True,1.8277511961722488
976,"[10, 8, 25, 5, 7, 25]",72409,True,21297,True,3.399962436023853
658,"[6, 9, 7, 25, 1, 10]",7229,True,3893,True,1.8569226817364501
781,"[9, 1, 4, 7, 25, 5]",57926,True,23850,True,2.428763102725367
257,"[7, 3, 4, 7, 4, 4]",291853,False,12768,False,22.858161027568922
463,"[3, 3, 1, 10, 2, 75]",8418,True,4203,True,2.002855103497502
915,"[5, 25, 6, 10, 7, 100]",7893,True,5164,True,1.5284663051897753
678,"[2, 2, 10, 10, 5, 2]",7727,True,3126,True,2.4718490083173386
839,"[50, 75, 4, 5, 100, 5]",286896,False,62209,False,4.6118085807519815
452,"[5, 8, 50, 25, 50, 7]",4110,True,2122,True,1.9368520263901978
340,"[6, 1, 25, 1, 6, 6]",382475,False,8627,False,44.33464703836791
412,"[7, 100, 7, 3, 4, 2]",4758,True,3417,True,1.3924495171202809
617,"[4, 100, 10, 8, 8, 2]",283062,False,60498,False,4.67886541703858
214,"[3, 6, 3, 8, 9, 1]",14416,True,6768,True,2.1300236406619386
519,"[3, 7, 4, 4, 8, 75]",18022,True,6551,True,2.751030377041673
396,"[10, 1, 1, 10, 50, 8]",9142,True,1856,True,4.925646551724138
758,"[75, 6, 7, 1, 4, 4]",137057,True,27379,True,5.005916943642938
598,"[3, 6, 1, 1, 9, 3]",425538,False,21877,False,19.451387301732414
810,"[4, 8, 2, 5, 25, 6]",104057,True,49397,True,2.1065449318784544
882,"[25, 2, 50, 8, 50, 6]",327497,False,69289,False,4.726536679703849
124,"[7, 50, 4, 10, 3, 7]",4441,True,3145,True,1.4120826709062002
283,"[5, 8, 6, 8, 50, 7]",352,True,327,True,1.0764525993883791
560,"[6, 4, 50, 50, 1, 75]",21382,True,5854,True,3.652545268192689
533,"[2, 5, 10, 2, 5, 75]",6707,True,3913,True,1.714030155890621
253,"[5, 1, 1, 75, 3, 1]",473156,False,14872,False,31.81522323830016
617,"[8, 8, 7, 6, 2, 9]",19829,True,10825,True,1.8317782909930715
825,"[4, 1, 9, 6, 75, 8]",90180,True,38046,True,2.3702885980129316
117,"[2, 75, 4, 1, 2, 1]",166559,True,15904,True,10.472774144869215
971,"[5, 25, 3, 6, 6, 6]",287930,False,24393,False,11.803796171032673
626,"[6, 4, 2, 10, 5, 8]",21864,True,12104,True,1.806345009914078
551,"[6, 1, 2, 5, 100, 4]",27471,True,12086,True,2.2729604501075626
248,"[10, 9, 8, 3, 7, 4]",57255,True,29364,True,1.94983653453208
221,"[9, 9, 25, 50, 4, 7]",1153,True,936,True,1.231837606837607
908,"[9, 3, 7, 1, 4, 3]",362904,False,47575,False,7.628039936941671
509,"[6, 100, 10, 9, 100, 5]",50273,True,16784,True,2.995293136320305
478,"[4, 6, 3, 25, 4, 75]",4101,True,2932,True,1.3987039563437926
689,"[3, 50, 6, 1, 50, 100]",323273,False,46571,False,6.941508664190161
279,"[100, 50, 10, 10, 1, 5]",244407,True,42069,True,5.809669828139485
463,"[3, 5, 9, 75, 100, 9]",2902,True,1435,True,2.0222996515679443
407,"[100, 3, 4, 8, 4, 50]",68599,True,20240,True,3.389278656126482
187,"[3, 5, 2, 25, 100, 8]",5691,True,4163,True,1.3670429978380976
221,"[10, 3, 6, 1, 4, 5]",26720,True,12060,True,2.2155887230514097
581,"[50, 9, 5, 9, 5, 1]",14398,True,2195,True,6.559453302961276
170,"[25, 1, 100, 6, 2, 4]",697,True,607,True,1.1482701812191103
561,"[9, 2, 25, 4, 100, 8]",1936,True,1527,True,1.2678454485920105
558,"[10, 4, 10, 50, 100, 2]",2080,True,1628,True,1.2776412776412776
380,"[1, 1, 3, 2, 6, 3]",473689,False,21002,False,22.55447100276164
440,"[10, 1, 1, 10, 7, 8]",41688,True,7289,True,5.719303059404583
520,"[2, 100, 9, 25, 4, 6]",13784,True,7655,True,1.800653167864141
232,"[5, 7, 8, 2, 7, 6]",62108,True,20319,True,3.0566464885082927
480,"[4, 2, 8, 6, 2, 75]",415,True,387,True,1.0723514211886305
909,"[100, 2, 1, 8, 2, 5]",89832,True,23415,True,3.836515054452274
904,"[10, 100, 3, 6, 2, 9]",21277,True,12652,True,1.6817104015175466
500,"[9, 25, 1, 4, 1, 10]",103684,True,17555,True,5.906237539162632
870,"[9, 2, 8, 25, 4, 7]",49729,True,26361,True,1.8864610598990934
982,"[2, 5, 9, 6, 9, 9]",33294,True,4755,True,7.001892744479496
600,"[6, 25, 8, 5, 6, 7]",29605,True,15408,True,1.9214044652128763
379,"[10, 8, 1, 6, 10, 9]",3746,True,2419,True,1.548573790822654
114,"[3, 100, 4, 1, 7, 4]",1229,True,520,True,2.3634615384615385
624,"[1, 7, 3, 10, 25, 4]",10410,True,6336,True,1.6429924242424243
691,"[2, 5, 6, 75, 3, 7]",47257,True,24756,True,1.9089109710777186
977,"[4, 4, 4, 75, 1, 2]",341492,True,19479,True,17.531290107295035
218,"[5, 6, 1, 8, 10, 9]",133113,True,46164,True,2.883480634260463
238,"[4, 2, 9, 4, 9, 2]",20054,True,4088,True,4.905577299412916
189,"[4, 3, 50, 100, 8, 100]",49328,True,15444,True,3.193991193991194
964,"[10, 1, 9, 2, 2, 8]",405864,False,53685,False,7.560100586756077
275,"[8, 50, 50, 6, 4, 1]",34950,True,9306,True,3.7556415215989682
856,"[2, 25, 1, 2, 2, 8]",453206,True,23584,True,19.216672320217096
877,"[50, 10, 5, 8, 10, 1]",328290,False,47212,False,6.953528763873591
383,"[8, 8, 75, 8, 25, 9]",10580,True,3562,True,2.970241437394722
923,"[1, 5, 8, 8, 5, 100]",328714,False,26414,False,12.444688422806088
932,"[50, 5, 50, 50, 1, 10]",351949,False,20663,False,17.032812273145236
566,"[9, 7, 9, 10, 9, 8]",1686,True,829,True,2.033775633293124
549,"[50, 75, 1, 7, 10, 25]",3261,True,1992,True,1.6370481927710843
863,"[1, 5, 9, 75, 6, 4]",307334,False,79211,False,3.87994091729684
776,"[50, 3, 4, 6, 7, 9]",97782,True,48012,True,2.03661584603849
863,"[2, 9, 10, 4, 3, 6]",290968,False,100793,False,2.8867877729604237
669,"[10, 5, 5, 1, 2, 8]",176489,True,31696,True,5.568178950025239
441,"[75, 10, 3, 2, 75, 2]",5615,True,2505,True,2.241516966067864
352,"[1, 4, 7, 6, 2, 100]",2456,True,1939,True,1.2666322846828262
423,"[6, 4, 1, 10, 7, 100]",4113,True,2564,True,1.6041341653666146
869,"[5, 10, 75, 2, 1, 4]",223652,True,71256,True,3.1387111260806106
119,"[7, 1, 5, 75, 9, 8]",636,True,532,True,1.1954887218045114
929,"[25, 25, 7, 10, 5, 2]",276611,False,58326,False,4.742499057024312
684,"[3, 50, 100, 3, 10, 2]",256950,True,57679,True,4.454827580228506
393,"[7, 2, 8, 4, 9, 4]",1937,True,982,True,1.9725050916496945
287,"[6, 8, 6, 100, 8, 8]",262895,False,12696,False,20.706915563957153
415,"[4, 1, 7, 6, 7, 2]",57006,True,12655,True,4.50462267878309
692,"[10, 1, 2, 4, 1, 4]",518327,False,26256,False,19.741278184034126
732,"[10, 100, 8, 1, 7, 7]",3790,True,1461,True,2.594113620807666
105,"[7, 7, 100, 2, 4, 7]",1043,True,812,True,1.2844827586206897
895,"[2, 1, 5, 5, 10, 5]",495935,False,24838,False,19.96678476527901
365,"[4, 8, 8, 25, 25, 10]",6251,True,1466,True,4.2639836289222375
512,"[3, 7, 7, 2, 6, 9]",207174,True,45002,True,4.603662059464024
311,"[2, 4, 10, 7, 10, 5]",51764,True,16450,True,3.1467477203647416
672,"[10, 5, 25, 10, 7, 9]",9157,True,5694,True,1.6081840533895329
820,"[9, 1, 7, 1, 10, 3]",82432,True,17092,True,4.822841095249239
986,"[1, 5, 7, 10, 10, 7]",18424,True,3570,True,5.1607843137254905
948,"[2, 10, 2, 50, 8, 8]",38556,True,12136,True,3.1769940672379695
271,"[100, 2, 5, 50, 5, 3]",29008,True,9336,True,3.1071122536418168
639,"[1, 7, 5, 3, 6, 8]",5541,True,3920,True,1.4135204081632653
101,"[1, 75, 6, 6, 8, 10]",3274,True,1593,True,2.0552416823603266
236,"[100, 1, 9, 10, 4, 2]",66886,True,27130,True,2.465388868411353
719,"[50, 5, 1, 8, 3, 9]",97720,True,37153,True,2.6302048286813986
684,"[10, 9, 8, 5, 10, 75]",1160,True,941,True,1.2327311370882041
266,"[25, 1, 7, 7, 25, 5]",90149,True,16412,True,5.492871069948818
616,"[7, 25, 25, 2, 10, 7]",6180,True,2193,True,2.8180574555403557
608,"[3, 10, 4, 9, 6, 9]",106869,True,30779,True,3.4721400955196726
894,"[2, 2, 2, 6, 2, 75]",24,True,24,True,1.0
393,"[3, 3, 5, 1, 25, 10]",20216,True,8165,True,2.4759338640538884
201,"[8, 6, 9, 3, 6, 75]",7607,True,3693,True,2.05984294611427
255,"[4, 8, 10, 5, 10, 5]",109959,True,18293,True,6.010987809544635
708,"[50, 7, 3, 10, 50, 9]",272821,False,56479,False,4.8304856672391505
531,"[50, 50, 2, 3, 25, 6]",8964,True,5611,True,1.5975761896275174
410,"[9, 4, 10, 5, 3, 75]",81153,True,40224,True,2.017526849642005
930,"[9, 4, 6, 9, 6, 8]",98996,True,21241,True,4.660609199190246
358,"[100, 8, 3, 6, 1, 9]",10913,True,5696,True,1.9159058988764044
356,"[4, 8, 1, 7, 6, 100]",38570,True,16217,True,2.3783683788616883
929,"[3, 7, 4, 10, 1, 6]",213012,True,65445,True,3.254824661929865
922,"[2, 5, 10, 6, 7, 6]",35180,True,11065,True,3.1793944871215545
450,"[10, 4, 6, 5, 7, 25]",32241,True,17202,True,1.8742588071154518
873,"[2, 2, 25, 4, 3, 100]",3928,True,2942,True,1.335146159075459
872,"[6, 10, 10, 10, 10, 75]",301226,False,8976,False,33.559046345811055
922,"[9, 5, 9, 1, 7, 4]",314528,False,43068,False,7.30305563295254
956,"[6, 6, 4, 1, 25, 9]",28558,True,11526,True,2.4777025854589625
338,"[7, 3, 1, 25, 10, 75]",17157,True,7301,True,2.3499520613614573
185,"[6, 100, 75, 3, 6, 50]",266752,False,55621,False,4.795886445766887
232,"[6, 75, 2, 10, 25, 2]",71000,True,21409,True,3.316362277546826
161,"[4, 3, 4, 75, 10, 1]",9078,True,4982,True,1.8221597751906864
313,"[25, 100, 9, 3, 5, 8]",4258,True,3051,True,1.395607997377909
345,"[6, 4, 8, 10, 50, 8]",114775,True,36258,True,3.165508301616195
304,"[9, 2, 10, 8, 3, 7]",16475,True,9571,True,1.7213457318984433
602,"[2, 2, 3, 8, 5, 2]",397179,False,28796,False,13.792853174051952
101,"[1, 5, 1, 1, 10, 1]",26730,True,1993,True,13.411941796287005
449,"[7, 10, 7, 50, 1, 10]",73788,True,14718,True,5.013452914798206
881,"[9, 75, 10, 8, 4, 8]",2928,True,1368,True,2.1403508771929824
807,"[50, 100, 8, 1, 3, 50]",131292,True,32763,True,4.0073253365076456
872,"[4, 2, 6, 3, 8, 2]",440317,False,68291,False,6.447657817281926
905,"[7, 5, 50, 6, 9, 7]",77794,True,30055,True,2.5883879554150724
913,"[4, 8, 75, 4, 7, 8]",278475,False,32615,False,8.53824927180745
632,"[5, 8, 2, 6, 1, 2]",118694,True,25637,True,4.629792877481765
991,"[3, 100, 4, 3, 5, 1]",123315,True,31720,True,3.887610340479193
805,"[1, 7, 3, 10, 9, 5]",30885,True,16987,True,1.8181550597515748
834,"[25, 2, 5, 1, 4, 6]",228355,True,71304,True,3.2025552563671043
320,"[9, 4, 3, 3, 100, 50]",12678,True,4102,True,3.09068746952706
135,"[8, 3, 1, 50, 4, 7]",5784,True,3572,True,1.6192609182530795
392,"[50, 4, 75, 6, 3, 1]",565,True,462,True,1.222943722943723
811,"[1, 9, 3, 75, 7, 7]",224768,True,38088,True,5.9012812434362525
466,"[100, 25, 5, 9, 1, 8]",58874,True,23805,True,2.4731779038017225
335,"[2, 8, 75, 2, 6, 6]",40016,True,12252,True,3.2660790075089783
692,"[1, 4, 9, 2, 4, 9]",416933,False,29927,False,13.93166705650416
646,"[7, 5, 8, 6, 8, 7]",257850,False,29099,False,8.861129248427781
962,"[5, 2, 75, 7, 5, 6]",6659,True,4454,True,1.4950606196677143
587,"[6, 3, 5, 50, 3, 7]",12119,True,4151,True,2.9195374608528066
913,"[8, 8, 7, 9, 6, 3]",246904,True,51002,True,4.841065056272303
579,"[50, 10, 50, 3, 3, 6]",161441,True,23457,True,6.882423157266488
389,"[9, 7, 6, 3, 3, 8]",49637,True,14899,True,3.3315658769044902
727,"[100, 50, 10, 1, 25, 8]",56946,True,23081,True,2.4672241237381396
623,"[1, 8, 1, 2, 10, 10]",404472,False,23054,False,17.544547583933372
340,"[5, 2, 10, 7, 8, 7]",29305,True,9108,True,3.2175010979358807
974,"[1, 7, 4, 8, 100, 3]",314918,False,81518,False,3.863171324124733
894,"[1, 8, 6, 10, 5, 75]",8749,True,5640,True,1.551241134751773
501,"[25, 50, 50, 1, 6, 10]",71473,True,18302,True,3.905201617309584
952,"[10, 25, 4, 9, 7, 1]",12780,True,6032,True,2.1187002652519893
261,"[9, 1, 10, 100, 4, 25]",36542,True,15234,True,2.398713404227386
479,"[4, 1, 2, 8, 6, 10]",1143,True,915,True,1.2491803278688525
539,"[8, 2, 10, 10, 100, 6]",2455,True,1214,True,2.0222405271828667
985,"[4, 2, 3, 6, 4, 5]",323960,False,56726,False,5.710961463878998
856,"[5, 3, 7, 4, 7, 4]",181342,True,29724,True,6.100861256896784
129,"[6, 25, 6, 2, 2, 75]",109,True,82,True,1.329268292682927
583,"[5, 5, 3, 4, 8, 10]",111407,True,26953,True,4.133380328720365
397,"[100, 5, 25, 5, 2, 4]",541,True,466,True,1.1609442060085837
106,"[3, 3, 1, 7, 6, 10]",154,True,154,True,1.0
787,"[5, 1, 5, 8, 25, 6]",16636,True,6946,True,2.395047509357904
165,"[8, 75, 7, 5, 9, 4]",1082,True,871,True,1.2422502870264065
939,"[25, 4, 4, 8, 6, 5]",1195,True,897,True,1.3322185061315497
260,"[1, 9, 4, 2, 5, 1]",3424,True,2276,True,1.5043936731107206
749,"[6, 7, 25, 3, 1, 25]",90100,True,19354,True,4.655368399297303
723,"[6, 7, 6, 75, 100, 9]",6512,True,4259,True,1.5289974172340925
694,"[4, 6, 5, 75, 7, 4]",4225,True,3024,True,1.3971560846560847
320,"[8, 7, 25, 25, 5, 50]",32125,True,10972,True,2.927907400656216
523,"[25, 2, 75, 8, 9, 100]",15549,True,8785,True,1.7699487763232784
821,"[75, 4, 5, 10, 3, 9]",49032,True,25388,True,1.9313061288797857
619,"[8, 100, 6, 8, 75, 1]",10725,True,5290,True,2.0274102079395084
639,"[7, 5, 6, 9, 6, 75]",14858,True,4923,True,3.018078407475117
567,"[5, 10, 5, 4, 75, 10]",287896,False,34353,False,8.380519896370041
958,"[3, 75, 1, 3, 7, 8]",323339,False,46708,False,6.9225614455767746
290,"[10, 1, 9, 100, 6, 1]",814,True,590,True,1.3796610169491526
503,"[2, 75, 4, 8, 3, 8]",23770,True,8556,True,2.7781673679289387
588,"[10, 10, 9, 6, 2, 50]",7303,True,4850,True,1.5057731958762886
249,"[75, 50, 5, 10, 10, 7]",22358,True,8229,True,2.7169765463604327
766,"[10, 6, 5, 6, 5, 50]",294066,False,33995,False,8.650272098838064
965,"[8, 6, 3, 4, 5, 6]",206237,True,51230,True,4.025707593207105
359,"[5, 4, 5, 9, 25, 4]",2336,True,1743,True,1.3402180149168101
116,"[3, 8, 1, 7, 2, 1]",4371,True,1494,True,2.92570281124498
955,"[4, 25, 3, 4, 2, 25]",291890,False,32709,False,8.923843590449112
595,"[3, 7, 10, 25, 9, 6]",43355,True,22816,True,1.9002016129032258
507,"[3, 25, 5, 50, 1, 1]",52087,True,10755,True,4.843049744304975
200,"[2, 25, 10, 6, 10, 25]",29331,True,5611,True,5.227410443771164
355,"[7, 1, 1, 8, 10, 7]",367594,False,20480,False,17.94892578125
416,"[100, 9, 25, 1, 7, 8]",106757,True,39036,True,2.7348345117327595
183,"[2, 4, 5, 8, 1, 6]",6063,True,3561,True,1.7026116259477675
281,"[3, 8, 50, 3, 9, 9]",116718,True,21213,True,5.502192052043558
447,"[6, 3, 9, 10, 2, 4]",58256,True,30073,True,1.9371529278755029
248,"[9, 4, 8, 2, 6, 100]",51618,True,27613,True,1.869336906529533
585,"[8, 8, 7, 6, 1, 2]",340160,False,46955,False,7.244382919816846
743,"[6, 1, 2, 3, 7, 5]",350968,False,81546,False,4.303926618105119
595,"[5, 10, 5, 4, 1, 50]",2437,True,1597,True,1.5259862241703193
879,"[1, 6, 1, 5, 5, 8]",389854,False,21916,False,17.788556305895238
722,"[100, 1, 1, 50, 2, 10]",437417,False,46690,False,9.368537159991433
609,"[7, 7, 50, 100, 10, 7]",2199,True,1675,True,1.3128358208955224
947,"[4, 2, 6, 6, 9, 4]",296374,False,32017,False,9.256769841021956
210,"[5, 9, 3, 4, 5, 6]",26418,True,13761,True,1.919773272291258
440,"[1, 6, 9, 4, 100, 100]",2834,True,1308,True,2.1666666666666665
121,"[4, 5, 9, 7, 2, 1]",2353,True,1531,True,1.5369039843239714
821,"[3, 100, 5, 7, 5, 25]",65116,True,20150,True,3.2315632754342434
950,"[6, 5, 6, 7, 50, 2]",4389,True,3191,True,1.3754308994045754
286,"[2, 8, 1, 1, 6, 6]",2445,True,525,True,4.6571428571428575
900,"[50, 7, 9, 10, 1, 9]",35596,True,8537,True,4.169614618718519
890,"[4, 6, 50, 10, 10, 7]",37050,True,12896,True,2.872983870967742
775,"[100, 5, 3, 10, 10, 1]",381198,False,54535,False,6.989969744200972
463,"[5, 3, 6, 3, 25, 8]",6068,True,3505,True,1.731241084165478
492,"[9, 75, 50, 10, 25, 2]",46768,True,24777,True,1.8875570085159623
172,"[6, 2, 4, 1, 1, 50]",72931,True,13198,True,5.5259130171238064
847,"[50, 4, 10, 25, 5, 7]",248627,True,96545,True,2.5752447045419236
495,"[3, 2, 10, 7, 9, 5]",43096,True,23181,True,1.859108752857944
493,"[9, 8, 7, 7, 7, 5]",68871,True,8602,True,8.006393861892583
645,"[1, 1, 10, 5, 2, 2]",482172,False,24221,False,19.907187977375006
554,"[1, 2, 2, 3, 6, 25]",407536,False,52021,False,7.8340670113992426
563,"[5, 6, 3, 7, 100, 2]",17839,True,10321,True,1.7284177889739367
802,"[2, 4, 8, 25, 2, 4]",1080,True,869,True,1.2428078250863062
353,"[5, 4, 9, 6, 1, 2]",180470,True,57136,True,3.158604032483898
222,"[4, 4, 1, 9, 5, 6]",127376,True,23454,True,5.430885989596657
250,"[4, 7, 6, 4, 1, 9]",4780,True,2875,True,1.662608695652174
755,"[6, 7, 7, 9, 1, 2]",59698,True,13746,True,4.342936126873272
736,"[25, 2, 9, 100, 9, 10]",17454,True,6189,True,2.820164808531265
588,"[9, 3, 8, 8, 1, 8]",20678,True,2341,True,8.83297736010252
646,"[9, 7, 3, 8, 75, 3]",1346,True,813,True,1.6555965559655597
701,"[6, 4, 4, 50, 7, 8]",2347,True,1725,True,1.3605797101449275
817,"[50, 10, 5, 8, 2, 7]",64938,True,33609,True,1.9321610282959922
366,"[6, 5, 8, 9, 75, 10]",2697,True,1968,True,1.3704268292682926
737,"[1, 4, 6, 5, 3, 9]",5671,True,4018,True,1.411398705823793
338,"[4, 1, 4, 5, 2, 7]",283742,True,40097,True,7.076389754844502
548,"[6, 7, 5, 7, 3, 6]",23670,True,7429,True,3.186162336788262
951,"[9, 5, 7, 2, 8, 8]",273488,False,55528,False,4.9252269125486245
463,"[100, 2, 50, 3, 4, 9]",56095,True,30069,True,1.8655425853869434
273,"[100, 3, 3, 100, 8, 1]",14240,True,3832,True,3.7160751565762005
797,"[7, 75, 7, 3, 75, 2]",5326,True,3066,True,1.7371167645140249
844,"[100, 25, 75, 5, 9, 9]",68523,True,20981,True,3.2659549115866735
887,"[1, 2, 10, 75, 1, 5]",405392,False,42800,False,9.471775700934579
335,"[10, 6, 7, 1, 6, 10]",323687,False,25673,False,12.608070735792467
602,"[7, 4, 9, 1, 3, 7]",38506,True,14996,True,2.567751400373433
134,"[3, 75, 50, 25, 10, 3]",953,True,754,True,1.2639257294429709
400,"[3, 4, 75, 3, 6, 50]",7257,True,4799,True,1.5121900395915815
806,"[2, 6, 8, 3, 8, 10]",40948,True,13623,True,3.0057990163693753
684,"[3, 8, 1, 25, 8, 2]",379810,False,52459,False,7.240130387540746
665,"[9, 25, 3, 25, 5, 1]",13313,True,3635,True,3.6624484181568087
771,"[5, 75, 4, 5, 100, 3]",65194,True,28298,True,2.303837727047848
748,"[6, 25, 10, 2, 1, 6]",134457,True,34725,True,3.872051835853132
168,"[1, 5, 1, 5, 1, 9]",452738,False,7320,False,61.84945355191257
659,"[2, 25, 5, 5, 6, 10]",203785,True,45966,True,4.433385545838228
931,"[8, 8, 2, 50, 8, 6]",279402,False,25092,False,11.135102821616451
749,"[6, 4, 8, 3, 2, 7]",294805,True,98545,True,2.991577451925516
735,"[75, 4, 100, 4, 5, 6]",201671,True,47212,True,4.27160467677709
673,"[2, 9, 100, 10, 100, 75]",1769,True,859,True,2.059371362048894
757,"[25, 3, 3, 10, 7, 75]",14739,True,5068,True,2.908247829518548
673,"[5, 7, 10, 9, 4, 4]",56590,True,17789,True,3.181179380516049
900,"[100, 1, 4, 25, 5, 100]",2656,True,2117,True,1.254605573925366
453,"[4, 2, 75, 6, 4, 1]",1658,True,1146,True,1.4467713787085514
586,"[5, 3, 5, 6, 7, 3]",285057,False,29911,False,9.530172846110126
199,"[9, 9, 4, 1, 5, 6]",5808,True,3411,True,1.702726473175022
197,"[4, 50, 3, 10, 5, 7]",4671,True,3338,True,1.3993409227082085
722,"[50, 10, 6, 9, 7, 9]",24927,True,8862,True,2.8127962085308056
651,"[2, 10, 4, 7, 1, 5]",207320,True,63656,True,3.256880733944954
171,"[4, 8, 100, 100, 5, 8]",1842,True,878,True,2.0979498861047836
910,"[1, 4, 8, 1, 2, 6]",467209,False,43266,False,10.79852540100772
148,"[2, 50, 2, 1, 5, 10]",1655,True,1099,True,1.5059144676979073
500,"[7, 9, 1, 9, 6, 5]",287072,True,40515,True,7.085573244477354
337,"[8, 8, 7, 1, 10, 25]",17400,True,6995,True,2.487491065046462
429,"[10, 10, 6, 5, 10, 10]",313574,False,9003,False,34.82994557369766
681,"[3, 4, 3, 8, 1, 3]",440655,False,22382,False,19.687918863372353
579,"[7, 10, 6, 7, 2, 8]",4463,True,3193,True,1.3977450673347949
262,"[25, 4, 3, 4, 1, 2]",301876,True,42584,True,7.088953597595341
537,"[10, 4, 6, 9, 4, 5]",53862,True,17820,True,3.0225589225589227
364,"[75, 8, 25, 6, 3, 7]",69223,True,35352,True,1.9581070377913554
455,"[5, 10, 3, 5, 8, 4]",16536,True,9290,True,1.779978471474704
539,"[9, 3, 1, 10, 4, 8]",108333,True,39664,True,2.73126764824526
704,"[8, 3, 2, 4, 5, 3]",43873,True,13990,True,3.13602573266619
523,"[6, 4, 3, 10, 2, 2]",138056,True,33994,True,4.061187268341472
100,"[8, 5, 4, 10, 3, 100]",1,True,1,True,1.0
929,"[4, 25, 6, 7, 25, 2]",16184,True,6092,True,2.656598818122127
806,"[6, 3, 25, 5, 8, 10]",16675,True,9753,True,1.709730339382754
192,"[7, 2, 75, 25, 8, 6]",3718,True,2646,True,1.4051398337112624
544,"[9, 8, 5, 6, 8, 2]",62885,True,21715,True,2.895924476168547
622,"[100, 6, 7, 5, 7, 6]",61757,True,12177,True,5.071610413073827
698,"[10, 2, 8, 5, 75, 4]",22914,True,13155,True,1.7418472063854047
410,"[1, 10, 8, 5, 3, 25]",15871,True,9002,True,1.7630526549655632
762,"[1, 7, 9, 2, 5, 75]",15661,True,8912,True,1.7572935368043088
231,"[4, 9, 9, 8, 10, 1]",57735,True,14781,True,3.9060280089303836
589,"[9, 7, 9, 3, 2, 3]",166565,True,22942,True,7.260265016127626
760,"[50, 9, 3, 5, 2, 25]",2085,True,1662,True,1.2545126353790614
386,"[100, 7, 8, 9, 5, 2]",8284,True,5338,True,1.5518920944173848
159,"[25, 10, 10, 6, 5, 1]",24739,True,6287,True,3.934945124860824
829,"[50, 5, 10, 8, 75, 4]",25648,True,14327,True,1.7901863614155091
953,"[9, 2, 7, 6, 3, 9]",290814,False,56515,False,5.145784305051756
406,"[3, 100, 5, 75, 50, 25]",220199,True,91100,True,2.417113062568606
824,"[100, 50, 10, 9, 50, 3]",270614,False,56577,False,4.78310974424236
176,"[8, 6, 7, 25, 2, 50]",10956,True,6566,True,1.6685957965275662
653,"[9, 4, 6, 2, 8, 7]",33638,True,18150,True,1.8533333333333333
797,"[3, 9, 75, 8, 5, 6]",268120,False,102615,False,2.6128733615943087
235,"[9, 5, 6, 10, 6, 9]",6884,True,3344,True,2.0586124401913874
128,"[3, 5, 9, 1, 4, 5]",20092,True,5476,True,3.669101533966399
849,"[5, 50, 8, 25, 2, 3]",26867,True,15457,True,1.738176877789998
554,"[1, 9, 25, 7, 5, 4]",278785,True,72771,True,3.830990367041816
288,"[1, 9, 8, 5, 7, 8]",1008,True,568,True,1.7746478873239437
913,"[6, 5, 7, 8, 1, 8]",313969,False,43975,False,7.139715747583854
395,"[1, 8, 3, 9, 1, 1]",474923,False,14561,False,32.61609779548108
248,"[10, 10, 4, 1, 2, 3]",35721,True,14218,True,2.5123786749191166
677,"[5, 5, 100, 25, 8, 7]",6687,True,4368,True,1.5309065934065933
765,"[3, 8, 7, 10, 7, 1]",331925,False,45751,False,7.255032676881379
237,"[50, 10, 2, 6, 2, 3]",66845,True,20097,True,3.3261183261183263
637,"[100, 5, 25, 10, 3, 75]",71645,True,37493,True,1.9108900328061238
901,"[8, 2, 50, 4, 25, 2]",92363,True,32859,True,2.810888949755014
696,"[1, 25, 7, 3, 6, 9]",35093,True,19956,True,1.7585187412307075
210,"[6, 75, 1, 3, 10, 8]",4241,True,2690,True,1.5765799256505577
366,"[7, 8, 1, 100, 3, 100]",8444,True,2692,True,3.136701337295691
406,"[1, 100, 10, 7, 10, 1]",405878,False,23104,False,17.567434210526315
813,"[8, 7, 1, 2, 3, 8]",367205,False,50237,False,7.309453191870534
738,"[3, 2, 75, 6, 50, 6]",99751,True,28908,True,3.450636502006365
396,"[8, 5, 7, 75, 7, 6]",6564,True,3120,True,2.103846153846154
483,"[50, 75, 8, 4, 4, 75]",173,True,117,True,1.4786324786324787
607,"[9, 3, 3, 1, 8, 25]",12759,True,3293,True,3.8745824476161554
677,"[6, 4, 75, 5, 8, 75]",4058,True,2171,True,1.8691847075080608
983,"[6, 8, 10, 6, 9, 1]",254378,True,40802,True,6.234449291701387
842,"[2, 4, 7, 10, 5, 25]",16548,True,9400,True,1.7604255319148936
678,"[25, 1, 10, 10, 100, 50]",339780,False,51131,False,6.645283683088537
683,"[9, 50, 10, 4, 10, 75]",252449,False,53573,False,4.712243107535512
185,"[2, 2, 10, 8, 8, 6]",1700,True,826,True,2.0581113801452786
714,"[4, 25, 25, 4, 10, 5]",24631,True,7812,True,3.1529697900665643
175,"[2, 6, 6, 6, 7, 5]",22328,True,3120,True,7.156410256410257
137,"[3, 1, 7, 4, 7, 25]",1729,True,856,True,2.0198598130841123
146,"[8, 8, 2, 3, 10, 1]",6122,True,3607,True,1.6972553368450236
554,"[7, 50, 6, 75, 25, 5]",88954,True,44495,True,1.9991909203281268
938,"[5, 6, 2, 75, 8, 8]",56736,True,18204,True,3.116677653263019
721,"[75, 1, 9, 75, 9, 100]",304674,False,24554,False,12.40832450924493
547,"[6, 7, 10, 6, 2, 1]",3361,True,2246,True,1.4964381121994657
560,"[9, 1, 2, 75, 100, 4]",18688,True,8491,True,2.2009186197149924
192,"[10, 8, 1, 6, 7, 10]",57817,True,20881,True,2.7688808007279344
756,"[3, 75, 100, 100, 3, 3]",380482,False,17196,False,22.126192137706443
197,"[9, 8, 75, 50, 7, 3]",4291,True,3042,True,1.4105851413543722
924,"[100, 9, 3, 2, 9, 3]",60735,True,11977,True,5.070969357936044
795,"[2, 9, 6, 2, 8, 7]",295061,False,57182,False,5.160032877478927
561,"[6, 1, 4, 9, 5, 8]",324856,False,81835,False,3.9696462393841268
356,"[7, 5, 50, 10, 75, 5]",275323,False,58694,False,4.690820186049681
689,"[5, 8, 4, 10, 75, 25]",17400,True,10088,True,1.724821570182395
882,"[6, 3, 6, 50, 10, 5]",33084,True,16927,True,1.9545105452826845
788,"[5, 9, 8, 9, 6, 3]",276773,False,55647,False,4.973727244954804
579,"[2, 8, 25, 50, 9, 4]",22148,True,12578,True,1.7608522817618064
263,"[10, 25, 5, 7, 7, 50]",16460,True,5209,True,3.159915530812056
422,"[25, 3, 75, 3, 75, 6]",184,True,176,True,1.0454545454545454
938,"[4, 100, 1, 6, 8, 7]",8848,True,4314,True,2.0509967547519703
709,"[50, 2, 50, 50, 4, 9]",26991,True,8136,True,3.3174778761061945
438,"[3, 7, 100, 8, 5, 1]",35754,True,14800,True,2.415810810810811
998,"[75, 1, 8, 7, 1, 7]",359479,False,20074,False,17.9076915412972
603,"[7, 1, 4, 4, 7, 3]",63133,True,13550,True,4.659261992619927
877,"[5, 8, 100, 3, 50, 8]",1432,True,1122,True,1.2762923351158646
215,"[2, 1, 1, 1, 1, 8]",607578,False,4369,False,139.06569008926527
512,"[6, 6, 1, 6, 2, 5]",382200,False,21371,False,17.88404847690796
490,"[6, 5, 7, 4, 5, 3]",84459,True,28860,True,2.9265072765072766
855,"[3, 1, 6, 75, 7, 10]",40896,True,17031,True,2.401268275497622
929,"[4, 75, 100, 7, 2, 2]",15125,True,4925,True,3.0710659898477157
116,"[5, 5, 10, 5, 9, 10]",112442,True,8697,True,12.928826031965045
438,"[5, 2, 1, 25, 10, 100]",46705,True,19773,True,2.3620593738936932
729,"[4, 10, 3, 75, 1, 5]",30400,True,13334,True,2.2798860056997152
508,"[2, 3, 3, 4, 75, 100]",150,True,150,True,1.0
535,"[1, 100, 2, 25, 7, 1]",5567,True,3278,True,1.6982916412446614
208,"[4, 75, 3, 4, 9, 5]",6241,True,4241,True,1.4715868898844613
576,"[3, 4, 2, 2, 7, 10]",32874,True,10259,True,3.2044058875134027
267,"[4, 100, 9, 8, 5, 1]",71185,True,27533,True,2.5854429230378093
468,"[25, 8, 5, 3, 5, 8]",161889,True,29084,True,5.566256360885711
369,"[1, 1, 3, 100, 1, 8]",489109,False,15505,False,31.545243469848437
208,"[6, 9, 8, 8, 25, 50]",3175,True,1612,True,1.9696029776674937
474,"[9, 100, 25, 4, 1, 1]",131730,True,21960,True,5.998633879781421
980,"[9, 50, 25, 5, 5, 8]",70088,True,21515,True,3.2576342086916106
661,"[6, 9, 10, 8, 75, 6]",727,True,581,True,1.2512908777969018
828,"[6, 1, 5, 1, 9, 3]",47312,True,9640,True,4.907883817427386
659,"[75, 6, 8, 5, 7, 25]",53627,True,28498,True,1.8817811776265
560,"[2, 10, 100, 5, 10, 6]",33276,True,11857,True,2.8064434511259173
790,"[2, 10, 100, 2, 2, 3]",77335,True,20543,True,3.7645426666017623
947,"[5, 50, 9, 8, 1, 1]",361842,False,38113,False,9.493925957022538
777,"[1, 3, 1, 25, 7, 3]",485994,False,26332,False,18.456402855840803
657,"[1, 8, 2, 8, 1, 10]",22371,True,6210,True,3.602415458937198
395,"[2, 4, 7, 3, 75, 4]",17107,True,6538,True,2.616549403487305
747,"[2, 6, 8, 75, 2, 5]",825,True,660,True,1.25
591,"[6, 100, 2, 2, 1, 3]",4334,True,1789,True,2.422582448295137
796,"[50, 10, 100, 4, 25, 9]",13195,True,7382,True,1.7874559739907885
520,"[5, 4, 50, 5, 9, 6]",13085,True,7448,True,1.7568474758324382
900,"[10, 75, 100, 5, 6, 25]",32710,True,18415,True,1.7762693456421395
204,"[1, 10, 5, 100, 3, 2]",1029,True,812,True,1.2672413793103448
463,"[50, 75, 75, 9, 8, 6]",63329,True,22452,True,2.820639586673793
677,"[9, 6, 25, 9, 9, 75]",87374,True,16428,True,5.318602386169954
645,"[100, 3, 6, 7, 5, 2]",73266,True,37078,True,1.9759965478181132
908,"[10, 4, 7, 25, 50, 9]",2955,True,2216,True,1.3334837545126355
154,"[2, 1, 7, 5, 50, 75]",1442,True,1179,True,1.2230703986429177
682,"[7, 3, 4, 5, 9, 8]",23655,True,13685,True,1.7285348922177566
720,"[10, 4, 4, 6, 7, 6]",30804,True,5625,True,5.476266666666667
870,"[100, 3, 25, 75, 9, 5]",12682,True,7502,True,1.6904825379898694
536,"[100, 5, 8, 8, 100, 8]",137497,True,13929,True,9.871275755617775
252,"[75, 1, 2, 9, 100, 10]",45049,True,19230,True,2.342641705668227
780,"[6, 7, 3, 100, 25, 25]",244493,True,60710,True,4.027227804315599
368,"[2, 3, 3, 7, 25, 1]",78883,True,19360,True,4.0745351239669425
799,"[9, 2, 2, 3, 4, 9]",319135,False,32429,False,9.841037343118813
726,"[25, 5, 7, 9, 3, 4]",160,True,160,True,1.0
863,"[100, 1, 5, 75, 2, 100]",335207,False,50353,False,6.657140587452584
766,"[8, 3, 75, 100, 100, 25]",264848,False,55953,False,4.73340124747556
387,"[4, 8, 4, 4, 4, 5]",327911,False,9138,False,35.88432917487415
334,"[50, 10, 3, 4, 3, 5]",134718,True,40235,True,3.3482788616875854
443,"[100, 6, 3, 6, 7, 2]",109411,True,37940,True,2.8837901950448077
288,"[3, 2, 10, 2, 8, 100]",29615,True,9729,True,3.0439921883030117
296,"[8, 5, 5, 4, 25, 7]",6658,True,2356,True,2.82597623089983
390,"[3, 50, 2, 9, 50, 3]",354390,False,38622,False,9.175858319092745
232,"[9, 8, 8, 4, 4, 1]",15919,True,2490,True,6.393172690763052
945,"[2, 10, 50, 2, 2, 3]",351045,False,29400,False,11.94030612244898
188,"[4, 2, 5, 3, 100, 50]",3996,True,2947,True,1.3559552086868
741,"[5, 4, 1, 4, 3, 10]",129597,True,32185,True,4.026627310859096
887,"[8, 1, 6, 1, 100, 6]",61247,True,6350,True,9.6451968503937
282,"[50, 1, 7, 7, 25, 4]",78790,True,18713,True,4.210441938759152
188,"[2, 5, 75, 4, 7, 7]",3530,True,1637,True,2.156383628588882
560,"[1, 8, 6, 2, 4, 3]",34296,True,17605,True,1.9480829309855154
271,"[9, 25, 10, 5, 4, 9]",4934,True,3497,True,1.4109236488418644
526,"[4, 2, 10, 75, 3, 8]",5886,True,4281,True,1.3749124036440084
813,"[5, 8, 4, 4, 10, 10]",18788,True,3697,True,5.081958344603732
322,"[8, 8, 6, 50, 2, 1]",6176,True,3664,True,1.685589519650655
919,"[10, 9, 10, 9, 6, 25]",14752,True,5248,True,2.8109756097560976
959,"[25, 8, 1, 9, 10, 3]",106999,True,39777,True,2.6899715916233
519,"[25, 6, 10, 5, 4, 4]",10407,True,4052,True,2.5683613030602173
523,"[8, 2, 4, 8, 8, 10]",296077,False,24201,False,12.23408123631255
819,"[5, 8, 75, 2, 100, 6]",2601,True,2047,True,1.2706399609184171
438,"[75, 75, 6, 9, 10, 75]",130068,True,17368,True,7.4889451865499765
585,"[1, 50, 1, 3, 1, 3]",554124,False,8874,False,62.44354293441515
651,"[6, 100, 8, 10, 10, 1]",62210,True,14428,True,4.31175492098697
714,"[8, 6, 6, 75, 50, 5]",45977,True,14195,True,3.2389573793589292
358,"[7, 9, 3, 2, 2, 7]",155896,True,26632,True,5.8537098227696
855,"[6, 25, 3, 4, 1, 7]",238159,True,73422,True,3.2437007981259023
260,"[5, 2, 8, 25, 5, 2]",28299,True,9466,True,2.9895415170082402
747,"[6, 8, 9, 100, 5, 9]",6619,True,3201,True,2.0677913152139955
662,"[5, 8, 6, 10, 10, 4]",46788,True,14173,True,3.301206519438369
522,"[1, 100, 100, 5, 2, 1]",434565,False,24960,False,17.41045673076923
433,"[6, 5, 2, 9, 25, 10]",18641,True,10954,True,1.701752784371006
848,"[7, 3, 100, 1, 25, 25]",59441,True,14207,True,4.1839234180333635
881,"[9, 4, 2, 4, 6, 10]",286224,False,56283,False,5.085443206652098
296,"[2, 8, 2, 9, 5, 8]",4249,True,2619,True,1.6223749522718596
457,"[5, 5, 3, 2, 10, 4]",106150,True,25727,True,4.126015470128658
295,"[75, 100, 75, 1, 10, 9]",307384,False,44749,False,6.869069699881561
231,"[1, 8, 5, 2, 3, 6]",2465,True,1903,True,1.2953231739358908
816,"[75, 9, 8, 5, 7, 6]",2272,True,1776,True,1.2792792792792793
713,"[2, 4, 1, 5, 5, 2]",378545,False,24543,False,15.423746078311535
153,"[5, 10, 8, 6, 2, 9]",218,True,218,True,1.0
201,"[6, 8, 1, 3, 5, 50]",5359,True,3256,True,1.645884520884521
764,"[50, 6, 8, 7, 3, 7]",16264,True,5662,True,2.87248322147651
703,"[50, 7, 10, 9, 6, 9]",9715,True,4094,True,2.3729848558866635
876,"[2, 10, 7, 100, 10, 6]",40162,True,12932,True,3.1056294463346736
373,"[4, 5, 8, 6, 25, 10]",3920,True,2817,True,1.3915512957046503
886,"[10, 50, 2, 5, 7, 2]",25843,True,9505,True,2.718884797475013
130,"[7, 10, 4, 5, 75, 75]",9536,True,3748,True,2.544290288153682
580,"[100, 6, 100, 7, 7, 2]",421,True,320,True,1.315625
598,"[7, 50, 5, 1, 5, 4]",121785,True,26200,True,4.6482824427480915
579,"[9, 10, 3, 8, 4, 100]",5128,True,3678,True,1.3942359978249048
398,"[5, 8, 7, 8, 7, 8]",46626,True,4085,True,11.413953488372092
183,"[9, 6, 5, 5, 10, 25]",1950,True,1009,True,1.9326065411298314
703,"[5, 1, 75, 25, 50, 4]",317244,False,85858,False,3.6949847422488293
312,"[25, 10, 6, 10, 10, 5]",81944,True,14047,True,5.833558766996512
877,"[75, 3, 10, 1, 50, 9]",1292,True,903,True,1.4307862679955703
890,"[10, 9, 2, 100, 6, 9]",1971,True,1431,True,1.3773584905660377
598,"[1, 7, 5, 8, 100, 1]",1302,True,908,True,1.433920704845815
177,"[7, 2, 9, 7, 6, 10]",3284,True,2567,True,1.2793143747565252
291,"[4, 2, 7, 4, 10, 4]",300255,False,24376,False,12.317648506727929
290,"[10, 100, 25, 10, 75, 10]",468,True,351,True,1.3333333333333333
435,"[5, 6, 5, 9, 6, 2]",5736,True,3154,True,1.8186429930247305
580,"[25, 7, 6, 5, 100, 6]",6780,True,3209,True,2.1128077282642566
141,"[100, 8, 5, 75, 100, 5]",18740,True,7080,True,2.646892655367232
741,"[6, 3, 7, 3, 1, 50]",106039,True,27771,True,3.8183356739044325
378,"[8, 2, 25, 2, 25, 50]",71782,True,14156,True,5.070782706979372
141,"[5, 4, 1, 7, 5, 9]",4625,True,2940,True,1.5731292517006803
618,"[25, 7, 8, 6, 9, 10]",20909,True,12034,True,1.7374937676583015
744,"[7, 1, 75, 25, 4, 5]",335219,False,88736,False,3.777711413631446
439,"[1, 25, 6, 9, 4, 4]",317291,False,45358,False,6.995259932095771
318,"[9, 4, 4, 5, 5, 2]",243046,True,27936,True,8.700100229095074
738,"[50, 1, 7, 3, 100, 2]",18524,True,7838,True,2.363357999489666
665,"[4, 2, 100, 75, 5, 25]",104067,True,52239,True,1.992132314937116
306,"[100, 2, 5, 4, 3, 1]",67877,True,25330,True,2.679707856296881
857,"[3, 3, 50, 7, 50, 8]",155775,True,24785,True,6.28505144240468
334,"[100, 9, 2, 25, 25, 2]",4279,True,1311,True,3.2639206712433255
131,"[9, 50, 8, 10, 6, 8]",8154,True,3799,True,2.1463543037641486
